radius_mean,texture_mean,perimeter_mean,area_mean,smoothness_mean,compactness_mean,concavity_mean,concave points_mean,symmetry_mean,fractal_dimension_mean,radius_se,texture_se,perimeter_se,area_se,smoothness_se,compactness_se,concavity_se,concave points_se,symmetry_se,fractal_dimension_se,radius_worst,texture_worst,perimeter_worst,area_worst,smoothness_worst,compactness_worst,concavity_worst,concave points_worst,symmetry_worst,fractal_dimension_worst
10.86,21.48,68.51,360.5,0.07431,0.04227,0.0,0.0,0.1661,0.05948,0.3163,1.304,2.115,20.67,0.009579,0.01104,0.0,0.0,0.03004,0.002228,11.66,24.77,74.08,412.3,0.1001,0.07348,0.0,0.0,0.2458,0.06592
14.95,18.77,97.84,689.5,0.08138,0.1167,0.0905,0.03562,0.1744,0.06493,0.422,1.909,3.271,39.43,0.00579,0.04877,0.05303,0.01527,0.03356,0.009368,16.25,25.47,107.1,809.7,0.0997,0.2521,0.25,0.08405,0.2852,0.09218
20.29,14.34,135.1,1297.0,0.1003,0.1328,0.198,0.1043,0.1809,0.05883,0.7572,0.7813,5.438,94.44,0.01149,0.02461,0.05688,0.01885,0.01756,0.005115,22.54,16.67,152.2,1575.0,0.1374,0.205,0.4,0.1625,0.2364,0.07678
18.05,16.15,120.2,1006.0,0.1065,0.2146,0.1684,0.108,0.2152,0.06673,0.9806,0.5505,6.311,134.8,0.00794,0.05839,0.04658,0.0207,0.02591,0.007054,22.39,18.91,150.1,1610.0,0.1478,0.5634,0.3786,0.2102,0.3751,0.1108
23.51,24.27,155.1,1747.0,0.1069,0.1283,0.2308,0.141,0.1797,0.05506,1.009,0.9245,6.462,164.1,0.006292,0.01971,0.03582,0.01301,0.01479,0.003118,30.67,30.73,202.4,2906.0,0.1515,0.2678,0.4819,0.2089,0.2593,0.07738
12.43,17.0,78.6,477.3,0.07557,0.03454,0.01342,0.01699,0.1472,0.05561,0.3778,2.2,2.487,31.16,0.007357,0.01079,0.009959,0.0112,0.03433,0.002961,12.9,20.21,81.76,515.9,0.08409,0.04712,0.02237,0.02832,0.1901,0.05932
12.22,20.04,79.47,453.1,0.1096,0.1152,0.08175,0.02166,0.2124,0.06894,0.1811,0.7959,0.9857,12.58,0.006272,0.02198,0.03966,0.009894,0.0132,0.003813,13.16,24.17,85.13,515.3,0.1402,0.2315,0.3535,0.08088,0.2709,0.08839
11.52,18.75,73.34,409.0,0.09524,0.05473,0.03036,0.02278,0.192,0.05907,0.3249,0.9591,2.183,23.47,0.008328,0.008722,0.01349,0.00867,0.03218,0.002386,12.84,22.47,81.81,506.2,0.1249,0.0872,0.09076,0.06316,0.3306,0.07036
7.691,25.44,48.34,170.4,0.08668,0.1199,0.09252,0.01364,0.2037,0.07751,0.2196,1.479,1.445,11.73,0.01547,0.06457,0.09252,0.01364,0.02105,0.007551,8.678,31.89,54.49,223.6,0.1596,0.3064,0.3393,0.05,0.279,0.1066
14.76,14.74,94.87,668.7,0.08875,0.0778,0.04608,0.03528,0.1521,0.05912,0.3428,0.3981,2.537,29.06,0.004732,0.01506,0.01855,0.01067,0.02163,0.002783,17.27,17.93,114.2,880.8,0.122,0.2009,0.2151,0.1251,0.3109,0.08187
9.742,15.67,61.5,289.9,0.09037,0.04689,0.01103,0.01407,0.2081,0.06312,0.2684,1.409,1.75,16.39,0.0138,0.01067,0.008347,0.009472,0.01798,0.004261,10.75,20.88,68.09,355.2,0.1467,0.0937,0.04043,0.05159,0.2841,0.08175
10.91,12.35,69.14,363.7,0.08518,0.04721,0.01236,0.01369,0.1449,0.06031,0.1753,1.027,1.267,11.09,0.003478,0.01221,0.01072,0.009393,0.02941,0.003428,11.37,14.82,72.42,392.2,0.09312,0.07506,0.02884,0.03194,0.2143,0.06643
16.17,16.07,106.3,788.5,0.0988,0.1438,0.06651,0.05397,0.199,0.06572,0.1745,0.489,1.349,14.91,0.00451,0.01812,0.01951,0.01196,0.01934,0.003696,16.97,19.14,113.1,861.5,0.1235,0.255,0.2114,0.1251,0.3153,0.0896
12.34,14.95,78.29,469.1,0.08682,0.04571,0.02109,0.02054,0.1571,0.05708,0.3833,0.9078,2.602,30.15,0.007702,0.008491,0.01307,0.0103,0.0297,0.001432,13.18,16.85,84.11,533.1,0.1048,0.06744,0.04921,0.04793,0.2298,0.05974
11.13,22.44,71.49,378.4,0.09566,0.08194,0.04824,0.02257,0.203,0.06552,0.28,1.467,1.994,17.85,0.003495,0.03051,0.03445,0.01024,0.02912,0.004723,12.02,28.26,77.8,436.6,0.1087,0.1782,0.1564,0.06413,0.3169,0.08032
15.85,23.95,103.7,782.7,0.08401,0.1002,0.09938,0.05364,0.1847,0.05338,0.4033,1.078,2.903,36.58,0.009769,0.03126,0.05051,0.01992,0.02981,0.003002,16.84,27.66,112.0,876.5,0.1131,0.1924,0.2322,0.1119,0.2809,0.06287
14.53,13.98,93.86,644.2,0.1099,0.09242,0.06895,0.06495,0.165,0.06121,0.306,0.7213,2.143,25.7,0.006133,0.01251,0.01615,0.01136,0.02207,0.003563,15.8,16.93,103.1,749.9,0.1347,0.1478,0.1373,0.1069,0.2606,0.0781
10.05,17.53,64.41,310.8,0.1007,0.07326,0.02511,0.01775,0.189,0.06331,0.2619,2.015,1.778,16.85,0.007803,0.01449,0.0169,0.008043,0.021,0.002778,11.16,26.84,71.98,384.0,0.1402,0.1402,0.1055,0.06499,0.2894,0.07664
9.567,15.91,60.21,279.6,0.08464,0.04087,0.01652,0.01667,0.1551,0.06403,0.2152,0.8301,1.215,12.64,0.01164,0.0104,0.01186,0.009623,0.02383,0.00354,10.51,19.16,65.74,335.9,0.1504,0.09515,0.07161,0.07222,0.2757,0.08178
12.95,16.02,83.14,513.7,0.1005,0.07943,0.06155,0.0337,0.173,0.0647,0.2094,0.7636,1.231,17.67,0.008725,0.02003,0.02335,0.01132,0.02625,0.004726,13.74,19.93,88.81,585.4,0.1483,0.2068,0.2241,0.1056,0.338,0.09584
10.18,17.53,65.12,313.1,0.1061,0.08502,0.01768,0.01915,0.191,0.06908,0.2467,1.217,1.641,15.05,0.007899,0.014,0.008534,0.007624,0.02637,0.003761,11.17,22.84,71.94,375.6,0.1406,0.144,0.06572,0.05575,0.3055,0.08797
14.68,20.13,94.74,684.5,0.09867,0.072,0.07395,0.05259,0.1586,0.05922,0.4727,1.24,3.195,45.4,0.005718,0.01162,0.01998,0.01109,0.0141,0.002085,19.07,30.88,123.4,1138.0,0.1464,0.1871,0.2914,0.1609,0.3029,0.08216
12.25,17.94,78.27,460.3,0.08654,0.06679,0.03885,0.02331,0.197,0.06228,0.22,0.9823,1.484,16.51,0.005518,0.01562,0.01994,0.007924,0.01799,0.002484,13.59,25.22,86.6,564.2,0.1217,0.1788,0.1943,0.08211,0.3113,0.08132
19.4,18.18,127.2,1145.0,0.1037,0.1442,0.1626,0.09464,0.1893,0.05892,0.4709,0.9951,2.903,53.16,0.005654,0.02199,0.03059,0.01499,0.01623,0.001965,23.79,28.65,152.4,1628.0,0.1518,0.3749,0.4316,0.2252,0.359,0.07787
13.48,20.82,88.4,559.2,0.1016,0.1255,0.1063,0.05439,0.172,0.06419,0.213,0.5914,1.545,18.52,0.005367,0.02239,0.03049,0.01262,0.01377,0.003187,15.53,26.02,107.3,740.4,0.161,0.4225,0.503,0.2258,0.2807,0.1071
12.32,12.39,78.85,464.1,0.1028,0.06981,0.03987,0.037,0.1959,0.05955,0.236,0.6656,1.67,17.43,0.008045,0.0118,0.01683,0.01241,0.01924,0.002248,13.5,15.64,86.97,549.1,0.1385,0.1266,0.1242,0.09391,0.2827,0.06771
10.9,12.96,68.69,366.8,0.07515,0.03718,0.00309,0.006588,0.1442,0.05743,0.2818,0.7614,1.808,18.54,0.006142,0.006134,0.001835,0.003576,0.01637,0.002665,12.36,18.2,78.07,470.0,0.1171,0.08294,0.01854,0.03953,0.2738,0.07685
11.3,18.19,73.93,389.4,0.09592,0.1325,0.1548,0.02854,0.2054,0.07669,0.2428,1.642,2.369,16.39,0.006663,0.05914,0.0888,0.01314,0.01995,0.008675,12.58,27.96,87.16,472.9,0.1347,0.4848,0.7436,0.1218,0.3308,0.1297
19.07,24.81,128.3,1104.0,0.09081,0.219,0.2107,0.09961,0.231,0.06343,0.9811,1.666,8.83,104.9,0.006548,0.1006,0.09723,0.02638,0.05333,0.007646,24.09,33.17,177.4,1651.0,0.1247,0.7444,0.7242,0.2493,0.467,0.1038
14.2,20.53,92.41,618.4,0.08931,0.1108,0.05063,0.03058,0.1506,0.06009,0.3478,1.018,2.749,31.01,0.004107,0.03288,0.02821,0.0135,0.0161,0.002744,16.45,27.26,112.1,828.5,0.1153,0.3429,0.2512,0.1339,0.2534,0.07858
14.61,15.69,92.68,664.9,0.07618,0.03515,0.01447,0.01877,0.1632,0.05255,0.316,0.9115,1.954,28.9,0.005031,0.006021,0.005325,0.006324,0.01494,0.0008948,16.46,21.75,103.7,840.8,0.1011,0.07087,0.04746,0.05813,0.253,0.05695
16.3,15.7,104.7,819.8,0.09427,0.06712,0.05526,0.04563,0.1711,0.05657,0.2067,0.4706,1.146,20.67,0.007394,0.01203,0.0247,0.01431,0.01344,0.002569,17.32,17.76,109.8,928.2,0.1354,0.1361,0.1947,0.1357,0.23,0.0723
15.19,13.21,97.65,711.8,0.07963,0.06934,0.03393,0.02657,0.1721,0.05544,0.1783,0.4125,1.338,17.72,0.005012,0.01485,0.01551,0.009155,0.01647,0.001767,16.2,15.73,104.5,819.1,0.1126,0.1737,0.1362,0.08178,0.2487,0.06766
11.8,17.26,75.26,431.9,0.09087,0.06232,0.02853,0.01638,0.1847,0.06019,0.3438,1.14,2.225,25.06,0.005463,0.01964,0.02079,0.005398,0.01477,0.003071,13.45,24.49,86.0,562.0,0.1244,0.1726,0.1449,0.05356,0.2779,0.08121
20.59,21.24,137.8,1320.0,0.1085,0.1644,0.2188,0.1121,0.1848,0.06222,0.5904,1.216,4.206,75.09,0.006666,0.02791,0.04062,0.01479,0.01117,0.003727,23.86,30.76,163.2,1760.0,0.1464,0.3597,0.5179,0.2113,0.248,0.08999
9.668,18.1,61.06,286.3,0.08311,0.05428,0.01479,0.005769,0.168,0.06412,0.3416,1.312,2.275,20.98,0.01098,0.01257,0.01031,0.003934,0.02693,0.002979,11.15,24.62,71.11,380.2,0.1388,0.1255,0.06409,0.025,0.3057,0.07875
14.69,13.98,98.22,656.1,0.1031,0.1836,0.145,0.063,0.2086,0.07406,0.5462,1.511,4.795,49.45,0.009976,0.05244,0.05278,0.0158,0.02653,0.005444,16.46,18.34,114.1,809.2,0.1312,0.3635,0.3219,0.1108,0.2827,0.09208
21.37,15.1,141.3,1386.0,0.1001,0.1515,0.1932,0.1255,0.1973,0.06183,0.3414,1.309,2.407,39.06,0.004426,0.02675,0.03437,0.01343,0.01675,0.004367,22.69,21.84,152.1,1535.0,0.1192,0.284,0.4024,0.1966,0.273,0.08666
9.731,15.34,63.78,300.2,0.1072,0.1599,0.4108,0.07857,0.2548,0.09296,0.8245,2.664,4.073,49.85,0.01097,0.09586,0.396,0.05279,0.03546,0.02984,11.02,19.49,71.04,380.5,0.1292,0.2772,0.8216,0.1571,0.3108,0.1259
15.49,19.97,102.4,744.7,0.116,0.1562,0.1891,0.09113,0.1929,0.06744,0.647,1.331,4.675,66.91,0.007269,0.02928,0.04972,0.01639,0.01852,0.004232,21.2,29.41,142.1,1359.0,0.1681,0.3913,0.5553,0.2121,0.3187,0.1019
12.18,20.52,77.22,458.7,0.08013,0.04038,0.02383,0.0177,0.1739,0.05677,0.1924,1.571,1.183,14.68,0.00508,0.006098,0.01069,0.006797,0.01447,0.001532,13.34,32.84,84.58,547.8,0.1123,0.08862,0.1145,0.07431,0.2694,0.06878
17.95,20.01,114.2,982.0,0.08402,0.06722,0.07293,0.05596,0.2129,0.05025,0.5506,1.214,3.357,54.04,0.004024,0.008422,0.02291,0.009863,0.05014,0.001902,20.58,27.83,129.2,1261.0,0.1072,0.1202,0.2249,0.1185,0.4882,0.06111
12.76,13.37,82.29,504.1,0.08794,0.07948,0.04052,0.02548,0.1601,0.0614,0.3265,0.6594,2.346,25.18,0.006494,0.02768,0.03137,0.01069,0.01731,0.004392,14.19,16.4,92.04,618.8,0.1194,0.2208,0.1769,0.08411,0.2564,0.08253
12.8,17.46,83.05,508.3,0.08044,0.08895,0.0739,0.04083,0.1574,0.0575,0.3639,1.265,2.668,30.57,0.005421,0.03477,0.04545,0.01384,0.01869,0.004067,13.74,21.06,90.72,591.0,0.09534,0.1812,0.1901,0.08296,0.1988,0.07053
11.85,17.46,75.54,432.7,0.08372,0.05642,0.02688,0.0228,0.1875,0.05715,0.207,1.238,1.234,13.88,0.007595,0.015,0.01412,0.008578,0.01792,0.001784,13.06,25.75,84.35,517.8,0.1369,0.1758,0.1316,0.0914,0.3101,0.07007
14.6,23.29,93.97,664.7,0.08682,0.06636,0.0839,0.05271,0.1627,0.05416,0.4157,1.627,2.914,33.01,0.008312,0.01742,0.03389,0.01576,0.0174,0.002871,15.79,31.71,102.2,758.2,0.1312,0.1581,0.2675,0.1359,0.2477,0.06836
12.75,16.7,82.51,493.8,0.1125,0.1117,0.0388,0.02995,0.212,0.06623,0.3834,1.003,2.495,28.62,0.007509,0.01561,0.01977,0.009199,0.01805,0.003629,14.45,21.74,93.63,624.1,0.1475,0.1979,0.1423,0.08045,0.3071,0.08557
13.85,19.6,88.68,592.6,0.08684,0.0633,0.01342,0.02293,0.1555,0.05673,0.3419,1.678,2.331,29.63,0.005836,0.01095,0.005812,0.007039,0.02014,0.002326,15.63,28.01,100.9,749.1,0.1118,0.1141,0.04753,0.0589,0.2513,0.06911
11.43,17.31,73.66,398.0,0.1092,0.09486,0.02031,0.01861,0.1645,0.06562,0.2843,1.908,1.937,21.38,0.006664,0.01735,0.01158,0.00952,0.02282,0.003526,12.78,26.76,82.66,503.0,0.1413,0.1792,0.07708,0.06402,0.2584,0.08096
10.51,20.19,68.64,334.2,0.1122,0.1303,0.06476,0.03068,0.1922,0.07782,0.3336,1.86,2.041,19.91,0.01188,0.03747,0.04591,0.01544,0.02287,0.006792,11.16,22.75,72.62,374.4,0.13,0.2049,0.1295,0.06136,0.2383,0.09026
12.03,17.93,76.09,446.0,0.07683,0.03892,0.001546,0.005592,0.1382,0.0607,0.2335,0.9097,1.466,16.97,0.004729,0.006887,0.001184,0.003951,0.01466,0.001755,13.07,22.25,82.74,523.4,0.1013,0.0739,0.007732,0.02796,0.2171,0.07037
11.33,14.16,71.79,396.6,0.09379,0.03872,0.001487,0.003333,0.1954,0.05821,0.2375,1.28,1.565,17.09,0.008426,0.008998,0.001487,0.003333,0.02358,0.001627,12.2,18.99,77.37,458.0,0.1259,0.07348,0.004955,0.01111,0.2758,0.06386
11.6,18.36,73.88,412.7,0.08508,0.05855,0.03367,0.01777,0.1516,0.05859,0.1816,0.7656,1.303,12.89,0.006709,0.01701,0.0208,0.007497,0.02124,0.002768,12.77,24.02,82.68,495.1,0.1342,0.1808,0.186,0.08288,0.321,0.07863
14.27,22.55,93.77,629.8,0.1038,0.1154,0.1463,0.06139,0.1926,0.05982,0.2027,1.851,1.895,18.54,0.006113,0.02583,0.04645,0.01276,0.01451,0.003756,15.29,34.27,104.3,728.3,0.138,0.2733,0.4234,0.1362,0.2698,0.08351
11.49,14.59,73.99,404.9,0.1046,0.08228,0.05308,0.01969,0.1779,0.06574,0.2034,1.166,1.567,14.34,0.004957,0.02114,0.04156,0.008038,0.01843,0.003614,12.4,21.9,82.04,467.6,0.1352,0.201,0.2596,0.07431,0.2941,0.0918
21.16,23.04,137.2,1404.0,0.09428,0.1022,0.1097,0.08632,0.1769,0.05278,0.6917,1.127,4.303,93.99,0.004728,0.01259,0.01715,0.01038,0.01083,0.001987,29.17,35.59,188.0,2615.0,0.1401,0.26,0.3155,0.2009,0.2822,0.07526
14.45,20.22,94.49,642.7,0.09872,0.1206,0.118,0.0598,0.195,0.06466,0.2092,0.6509,1.446,19.42,0.004044,0.01597,0.02,0.007303,0.01522,0.001976,18.33,30.12,117.9,1044.0,0.1552,0.4056,0.4967,0.1838,0.4753,0.1013
13.77,22.29,90.63,588.9,0.12,0.1267,0.1385,0.06526,0.1834,0.06877,0.6191,2.112,4.906,49.7,0.0138,0.03348,0.04665,0.0206,0.02689,0.004306,16.39,34.01,111.6,806.9,0.1737,0.3122,0.3809,0.1673,0.308,0.09333
19.17,24.8,132.4,1123.0,0.0974,0.2458,0.2065,0.1118,0.2397,0.078,0.9555,3.568,11.07,116.2,0.003139,0.08297,0.0889,0.0409,0.04484,0.01284,20.96,29.94,151.7,1332.0,0.1037,0.3903,0.3639,0.1767,0.3176,0.1023
14.87,20.21,96.12,680.9,0.09587,0.08345,0.06824,0.04951,0.1487,0.05748,0.2323,1.636,1.596,21.84,0.005415,0.01371,0.02153,0.01183,0.01959,0.001812,16.01,28.48,103.9,783.6,0.1216,0.1388,0.17,0.1017,0.2369,0.06599
13.0,25.13,82.61,520.2,0.08369,0.05073,0.01206,0.01762,0.1667,0.05449,0.2621,1.232,1.657,21.19,0.006054,0.008974,0.005681,0.006336,0.01215,0.001514,14.34,31.88,91.06,628.5,0.1218,0.1093,0.04462,0.05921,0.2306,0.06291
13.61,24.69,87.76,572.6,0.09258,0.07862,0.05285,0.03085,0.1761,0.0613,0.231,1.005,1.752,19.83,0.004088,0.01174,0.01796,0.00688,0.01323,0.001465,16.89,35.64,113.2,848.7,0.1471,0.2884,0.3796,0.1329,0.347,0.079
12.46,12.83,78.83,477.3,0.07372,0.04043,0.007173,0.01149,0.1613,0.06013,0.3276,1.486,2.108,24.6,0.01039,0.01003,0.006416,0.007895,0.02869,0.004821,13.19,16.36,83.24,534.0,0.09439,0.06477,0.01674,0.0268,0.228,0.07028
16.74,21.59,110.1,869.5,0.0961,0.1336,0.1348,0.06018,0.1896,0.05656,0.4615,0.9197,3.008,45.19,0.005776,0.02499,0.03695,0.01195,0.02789,0.002665,20.01,29.02,133.5,1229.0,0.1563,0.3835,0.5409,0.1813,0.4863,0.08633
13.73,22.61,93.6,578.3,0.1131,0.2293,0.2128,0.08025,0.2069,0.07682,0.2121,1.169,2.061,19.21,0.006429,0.05936,0.05501,0.01628,0.01961,0.008093,15.03,32.01,108.8,697.7,0.1651,0.7725,0.6943,0.2208,0.3596,0.1431
15.75,19.22,107.1,758.6,0.1243,0.2364,0.2914,0.1242,0.2375,0.07603,0.5204,1.324,3.477,51.22,0.009329,0.06559,0.09953,0.02283,0.05543,0.00733,17.36,24.17,119.4,915.3,0.155,0.5046,0.6872,0.2135,0.4245,0.105
12.18,17.84,77.79,451.1,0.1045,0.07057,0.0249,0.02941,0.19,0.06635,0.3661,1.511,2.41,24.44,0.005433,0.01179,0.01131,0.01519,0.0222,0.003408,12.83,20.92,82.14,495.2,0.114,0.09358,0.0498,0.05882,0.2227,0.07376
11.89,21.17,76.39,433.8,0.09773,0.0812,0.02555,0.02179,0.2019,0.0629,0.2747,1.203,1.93,19.53,0.009895,0.03053,0.0163,0.009276,0.02258,0.002272,13.05,27.21,85.09,522.9,0.1426,0.2187,0.1164,0.08263,0.3075,0.07351
13.4,20.52,88.64,556.7,0.1106,0.1469,0.1445,0.08172,0.2116,0.07325,0.3906,0.9306,3.093,33.67,0.005414,0.02265,0.03452,0.01334,0.01705,0.004005,16.41,29.66,113.3,844.4,0.1574,0.3856,0.5106,0.2051,0.3585,0.1109
12.76,18.84,81.87,496.6,0.09676,0.07952,0.02688,0.01781,0.1759,0.06183,0.2213,1.285,1.535,17.26,0.005608,0.01646,0.01529,0.009997,0.01909,0.002133,13.75,25.99,87.82,579.7,0.1298,0.1839,0.1255,0.08312,0.2744,0.07238
19.53,32.47,128.0,1223.0,0.0842,0.113,0.1145,0.06637,0.1428,0.05313,0.7392,1.321,4.722,109.9,0.005539,0.02644,0.02664,0.01078,0.01332,0.002256,27.9,45.41,180.2,2477.0,0.1408,0.4097,0.3995,0.1625,0.2713,0.07568
20.2,26.83,133.7,1234.0,0.09905,0.1669,0.1641,0.1265,0.1875,0.0602,0.9761,1.892,7.128,103.6,0.008439,0.04674,0.05904,0.02536,0.0371,0.004286,24.19,33.81,160.0,1671.0,0.1278,0.3416,0.3703,0.2152,0.3271,0.07632
17.85,13.23,114.6,992.1,0.07838,0.06217,0.04445,0.04178,0.122,0.05243,0.4834,1.046,3.163,50.95,0.004369,0.008274,0.01153,0.007437,0.01302,0.001309,19.82,18.42,127.1,1210.0,0.09862,0.09976,0.1048,0.08341,0.1783,0.05871
16.69,20.2,107.1,857.6,0.07497,0.07112,0.03649,0.02307,0.1846,0.05325,0.2473,0.5679,1.775,22.95,0.002667,0.01446,0.01423,0.005297,0.01961,0.0017,19.18,26.56,127.3,1084.0,0.1009,0.292,0.2477,0.08737,0.4677,0.07623
13.28,20.28,87.32,545.2,0.1041,0.1436,0.09847,0.06158,0.1974,0.06782,0.3704,0.8249,2.427,31.33,0.005072,0.02147,0.02185,0.00956,0.01719,0.003317,17.38,28.0,113.1,907.2,0.153,0.3724,0.3664,0.1492,0.3739,0.1027
9.295,13.9,59.96,257.8,0.1371,0.1225,0.03332,0.02421,0.2197,0.07696,0.3538,1.13,2.388,19.63,0.01546,0.0254,0.02197,0.0158,0.03997,0.003901,10.57,17.84,67.84,326.6,0.185,0.2097,0.09996,0.07262,0.3681,0.08982
13.75,23.77,88.54,590.0,0.08043,0.06807,0.04697,0.02344,0.1773,0.05429,0.4347,1.057,2.829,39.93,0.004351,0.02667,0.03371,0.01007,0.02598,0.003087,15.01,26.34,98.0,706.0,0.09368,0.1442,0.1359,0.06106,0.2663,0.06321
11.87,21.54,76.83,432.0,0.06613,0.1064,0.08777,0.02386,0.1349,0.06612,0.256,1.554,1.955,20.24,0.006854,0.06063,0.06663,0.01553,0.02354,0.008925,12.79,28.18,83.51,507.2,0.09457,0.3399,0.3218,0.0875,0.2305,0.09952
19.55,28.77,133.6,1207.0,0.0926,0.2063,0.1784,0.1144,0.1893,0.06232,0.8426,1.199,7.158,106.4,0.006356,0.04765,0.03863,0.01519,0.01936,0.005252,25.05,36.27,178.6,1926.0,0.1281,0.5329,0.4251,0.1941,0.2818,0.1005
15.46,23.95,103.8,731.3,0.1183,0.187,0.203,0.0852,0.1807,0.07083,0.3331,1.961,2.937,32.52,0.009538,0.0494,0.06019,0.02041,0.02105,0.006,17.11,36.33,117.7,909.4,0.1732,0.4967,0.5911,0.2163,0.3013,0.1067
11.08,14.71,70.21,372.7,0.1006,0.05743,0.02363,0.02583,0.1566,0.06669,0.2073,1.805,1.377,19.08,0.01496,0.02121,0.01453,0.01583,0.03082,0.004785,11.35,16.82,72.01,396.5,0.1216,0.0824,0.03938,0.04306,0.1902,0.07313
13.2,15.82,84.07,537.3,0.08511,0.05251,0.001461,0.003261,0.1632,0.05894,0.1903,0.5735,1.204,15.5,0.003632,0.007861,0.001128,0.002386,0.01344,0.002585,14.41,20.45,92.0,636.9,0.1128,0.1346,0.0112,0.025,0.2651,0.08385
9.042,18.9,60.07,244.5,0.09968,0.1972,0.1975,0.04908,0.233,0.08743,0.4653,1.911,3.769,24.2,0.009845,0.0659,0.1027,0.02527,0.03491,0.007877,10.06,23.4,68.62,297.1,0.1221,0.3748,0.4609,0.1145,0.3135,0.1055
13.03,18.42,82.61,523.8,0.08983,0.03766,0.02562,0.02923,0.1467,0.05863,0.1839,2.342,1.17,14.16,0.004352,0.004899,0.01343,0.01164,0.02671,0.001777,13.3,22.81,84.46,545.9,0.09701,0.04619,0.04833,0.05013,0.1987,0.06169
12.81,13.06,81.29,508.8,0.08739,0.03774,0.009193,0.0133,0.1466,0.06133,0.2889,0.9899,1.778,21.79,0.008534,0.006364,0.00618,0.007408,0.01065,0.003351,13.63,16.15,86.7,570.7,0.1162,0.05445,0.02758,0.0399,0.1783,0.07319
11.89,17.36,76.2,435.6,0.1225,0.0721,0.05929,0.07404,0.2015,0.05875,0.6412,2.293,4.021,48.84,0.01418,0.01489,0.01267,0.0191,0.02678,0.003002,12.4,18.99,79.46,472.4,0.1359,0.08368,0.07153,0.08946,0.222,0.06033
13.08,15.71,85.63,520.0,0.1075,0.127,0.04568,0.0311,0.1967,0.06811,0.1852,0.7477,1.383,14.67,0.004097,0.01898,0.01698,0.00649,0.01678,0.002425,14.5,20.49,96.09,630.5,0.1312,0.2776,0.189,0.07283,0.3184,0.08183
11.34,21.26,72.48,396.5,0.08759,0.06575,0.05133,0.01899,0.1487,0.06529,0.2344,0.9861,1.597,16.41,0.009113,0.01557,0.02443,0.006435,0.01568,0.002477,13.01,29.15,83.99,518.1,0.1699,0.2196,0.312,0.08278,0.2829,0.08832
17.68,20.74,117.4,963.7,0.1115,0.1665,0.1855,0.1054,0.1971,0.06166,0.8113,1.4,5.54,93.91,0.009037,0.04954,0.05206,0.01841,0.01778,0.004968,20.47,25.11,132.9,1302.0,0.1418,0.3498,0.3583,0.1515,0.2463,0.07738
17.47,24.68,116.1,984.6,0.1049,0.1603,0.2159,0.1043,0.1538,0.06365,1.088,1.41,7.337,122.3,0.006174,0.03634,0.04644,0.01569,0.01145,0.00512,23.14,32.33,155.3,1660.0,0.1376,0.383,0.489,0.1721,0.216,0.093
11.94,18.24,75.71,437.6,0.08261,0.04751,0.01972,0.01349,0.1868,0.0611,0.2273,0.6329,1.52,17.47,0.00721,0.00838,0.01311,0.008,0.01996,0.002635,13.1,21.33,83.67,527.2,0.1144,0.08906,0.09203,0.06296,0.2785,0.07408
10.49,19.29,67.41,336.1,0.09989,0.08578,0.02995,0.01201,0.2217,0.06481,0.355,1.534,2.302,23.13,0.007595,0.02219,0.0288,0.008614,0.0271,0.003451,11.54,23.31,74.22,402.8,0.1219,0.1486,0.07987,0.03203,0.2826,0.07552
15.37,22.76,100.2,728.2,0.092,0.1036,0.1122,0.07483,0.1717,0.06097,0.3129,0.8413,2.075,29.44,0.009882,0.02444,0.04531,0.01763,0.02471,0.002142,16.43,25.84,107.5,830.9,0.1257,0.1997,0.2846,0.1476,0.2556,0.06828
19.53,18.9,129.5,1217.0,0.115,0.1642,0.2197,0.1062,0.1792,0.06552,1.111,1.161,7.237,133.0,0.006056,0.03203,0.05638,0.01733,0.01884,0.004787,25.93,26.24,171.1,2053.0,0.1495,0.4116,0.6121,0.198,0.2968,0.09929
20.31,27.06,132.9,1288.0,0.1,0.1088,0.1519,0.09333,0.1814,0.05572,0.3977,1.033,2.587,52.34,0.005043,0.01578,0.02117,0.008185,0.01282,0.001892,24.33,39.16,162.3,1844.0,0.1522,0.2945,0.3788,0.1697,0.3151,0.07999
12.1,17.72,78.07,446.2,0.1029,0.09758,0.04783,0.03326,0.1937,0.06161,0.2841,1.652,1.869,22.22,0.008146,0.01631,0.01843,0.007513,0.02015,0.001798,13.56,25.8,88.33,559.5,0.1432,0.1773,0.1603,0.06266,0.3049,0.07081
13.85,15.18,88.99,587.4,0.09516,0.07688,0.04479,0.03711,0.211,0.05853,0.2479,0.9195,1.83,19.41,0.004235,0.01541,0.01457,0.01043,0.01528,0.001593,14.98,21.74,98.37,670.0,0.1185,0.1724,0.1456,0.09993,0.2955,0.06912
12.19,13.29,79.08,455.8,0.1066,0.09509,0.02855,0.02882,0.188,0.06471,0.2005,0.8163,1.973,15.24,0.006773,0.02456,0.01018,0.008094,0.02662,0.004143,13.34,17.81,91.38,545.2,0.1427,0.2585,0.09915,0.08187,0.3469,0.09241
14.71,21.59,95.55,656.9,0.1137,0.1365,0.1293,0.08123,0.2027,0.06758,0.4226,1.15,2.735,40.09,0.003659,0.02855,0.02572,0.01272,0.01817,0.004108,17.87,30.7,115.7,985.5,0.1368,0.429,0.3587,0.1834,0.3698,0.1094
8.598,20.98,54.66,221.8,0.1243,0.08963,0.03,0.009259,0.1828,0.06757,0.3582,2.067,2.493,18.39,0.01193,0.03162,0.03,0.009259,0.03357,0.003048,9.565,27.04,62.06,273.9,0.1639,0.1698,0.09001,0.02778,0.2972,0.07712
8.95,15.76,58.74,245.2,0.09462,0.1243,0.09263,0.02308,0.1305,0.07163,0.3132,0.9789,3.28,16.94,0.01835,0.0676,0.09263,0.02308,0.02384,0.005601,9.414,17.07,63.34,270.0,0.1179,0.1879,0.1544,0.03846,0.1652,0.07722
12.46,19.89,80.43,471.3,0.08451,0.1014,0.0683,0.03099,0.1781,0.06249,0.3642,1.04,2.579,28.32,0.00653,0.03369,0.04712,0.01403,0.0274,0.004651,13.46,23.07,88.13,551.3,0.105,0.2158,0.1904,0.07625,0.2685,0.07764
10.26,16.58,65.85,320.8,0.08877,0.08066,0.04358,0.02438,0.1669,0.06714,0.1144,1.023,0.9887,7.326,0.01027,0.03084,0.02613,0.01097,0.02277,0.00589,10.83,22.04,71.08,357.4,0.1461,0.2246,0.1783,0.08333,0.2691,0.09479
10.03,21.28,63.19,307.3,0.08117,0.03912,0.00247,0.005159,0.163,0.06439,0.1851,1.341,1.184,11.6,0.005724,0.005697,0.002074,0.003527,0.01445,0.002411,11.11,28.94,69.92,376.3,0.1126,0.07094,0.01235,0.02579,0.2349,0.08061
18.31,20.58,120.8,1052.0,0.1068,0.1248,0.1569,0.09451,0.186,0.05941,0.5449,0.9225,3.218,67.36,0.006176,0.01877,0.02913,0.01046,0.01559,0.002725,21.86,26.2,142.2,1493.0,0.1492,0.2536,0.3759,0.151,0.3074,0.07863
12.18,14.08,77.25,461.4,0.07734,0.03212,0.01123,0.005051,0.1673,0.05649,0.2113,0.5996,1.438,15.82,0.005343,0.005767,0.01123,0.005051,0.01977,0.0009502,12.85,16.47,81.6,513.1,0.1001,0.05332,0.04116,0.01852,0.2293,0.06037
8.734,16.84,55.27,234.3,0.1039,0.07428,0.0,0.0,0.1985,0.07098,0.5169,2.079,3.167,28.85,0.01582,0.01966,0.0,0.0,0.01865,0.006736,10.17,22.8,64.01,317.0,0.146,0.131,0.0,0.0,0.2445,0.08865
14.04,15.98,89.78,611.2,0.08458,0.05895,0.03534,0.02944,0.1714,0.05898,0.3892,1.046,2.644,32.74,0.007976,0.01295,0.01608,0.009046,0.02005,0.00283,15.66,21.58,101.2,750.0,0.1195,0.1252,0.1117,0.07453,0.2725,0.07234
12.27,29.97,77.42,465.4,0.07699,0.03398,0.0,0.0,0.1701,0.0596,0.4455,3.647,2.884,35.13,0.007339,0.008243,0.0,0.0,0.03141,0.003136,13.45,38.05,85.08,558.9,0.09422,0.05213,0.0,0.0,0.2409,0.06743
28.11,18.47,188.5,2499.0,0.1142,0.1516,0.3201,0.1595,0.1648,0.05525,2.873,1.476,21.98,525.6,0.01345,0.02772,0.06389,0.01407,0.04783,0.004476,28.11,18.47,188.5,2499.0,0.1142,0.1516,0.3201,0.1595,0.1648,0.05525
17.75,28.03,117.3,981.6,0.09997,0.1314,0.1698,0.08293,0.1713,0.05916,0.3897,1.077,2.873,43.95,0.004714,0.02015,0.03697,0.0111,0.01237,0.002556,21.53,38.54,145.4,1437.0,0.1401,0.3762,0.6399,0.197,0.2972,0.09075
12.07,13.44,77.83,445.2,0.11,0.09009,0.03781,0.02798,0.1657,0.06608,0.2513,0.504,1.714,18.54,0.007327,0.01153,0.01798,0.007986,0.01962,0.002234,13.45,15.77,86.92,549.9,0.1521,0.1632,0.1622,0.07393,0.2781,0.08052
8.671,14.45,54.42,227.2,0.09138,0.04276,0.0,0.0,0.1722,0.06724,0.2204,0.7873,1.435,11.36,0.009172,0.008007,0.0,0.0,0.02711,0.003399,9.262,17.04,58.36,259.2,0.1162,0.07057,0.0,0.0,0.2592,0.07848
15.46,11.89,102.5,736.9,0.1257,0.1555,0.2032,0.1097,0.1966,0.07069,0.4209,0.6583,2.805,44.64,0.005393,0.02321,0.04303,0.0132,0.01792,0.004168,18.79,17.04,125.0,1102.0,0.1531,0.3583,0.583,0.1827,0.3216,0.101
